"Id";"Designator";"Footprint";"Quantity";"Designation";"Supplier and ref";
1;"U2";"LGA-14_3x2.5mm_P0.5mm_LayoutBorder3x4y";1;"LSM6DS3";;;
2;"R3,R2";"R_0603_1608Metric";2;"4k7";;;
3;"C2,C1";"C_0603_1608Metric";2;"100nF";;;
4;"C3";"C_0603_1608Metric";1;"10uF";;;
5;"R1";"R_0603_1608Metric";1;"220";;;
6;"D1";"LED_0603_1608Metric";1;"LED";;;
7;"U1";"Raytac_MDBT42Q";1;"MDBT42Q-512K";;;
8;"J1";"JST_PH_B4B-PH-K_1x04_P2.00mm_Vertical";1;"Conn_01x04";;;
9;"BT1";"BatteryHolder_Multicomp_BC-2001_1x2032";1;"Battery_Cell";;;
